Base Model,Variants
ATR 42/72,ATR 42-300; ATR 42-600; ATR 72-200; ATR 72-500; ATR 72-600
Aero Commander 680,680T; 680V; 680W; 680FL; 680FL P; 680FP
Aero Commander 690,690; 690A; 690B
Aero/General 115,115-6.85
Aero/General 190,190-100 AR
Aero/General 2000,2000
Aero/General 34,34
Aero/General 681,681
Aerospatiale/BAC Concorde,Prototype; Pre-production; Production
AgustaWestland AW139,AW139; AB139
AgustaWestland AW169,AW169
AgustaWestland AW189,AW189
Airbus A300,A300B2; A300B4; A300-600; A300-600ST Beluga
Airbus A310,A310-200; A310-300; A310 MRT; A310 MRTT
Airbus A320,A318; A319; A320ceo; A320neo; A321ceo; A321neo; A321XLR
Airbus A330,A330-200; A330-300; A330-800neo; A330-900neo; A330 MRTT
Airbus A340,A340-200; A340-300; A340-500; A340-600
Airbus A350,A350-900; A350-1000; A350F
Airbus A380,A380-800
Antonov An-2,An-2P; An-2T; An-2TP; An-2V
Antonov An-24,AN-24; AN-24T
Antonov An-26,AN-26; AN-26B
Antonov An-32,AN-32; AN-32B
Antonov An-74,AN-74-200
Armstrong Whitworth Argosy,ARGOSY AW650 SER 101
Avid Flyer,AVID FLYER
Avro Lancaster,Mk I; Mk III; Mk X
BAe 146 / Avro RJ,BAe 146-100; BAe 146-200; BAe 146-300; RJ70; RJ85; RJ100
Base Model,Variants
Basler Turbo 67,3-CT-S
Bede BD-4,BD-4
Beechcraft 100 King Air,BE-100-A100A
Beechcraft 18,18S; H-18; H-18S; B18S; 18D; UB-18; A65-8200
Beechcraft 200 Super King Air,B200CT; BE-200-CT; A200C; A200CT(C-12D); A200CT (RC-12P); BE-200-A200CT; C-12
Beechcraft 90 King Air,BE-65-A90-4; BE-65-A901(RU21H); 65-A90-4; 65-A90-1 (U-21A)
Beechcraft 99 Airliner,BE-99-A99A; BE-99-FACH
Beechcraft Baron,Baron 55; Baron 56TC; Baron 58; Baron 58P (Pressurized)
Beechcraft Bonanza,Model 33; Model 35 (V-tail); Model 36
Beechcraft King Air,Model 90; Model 100; Model 200 (Super King Air); Model 300; Model 350
Bell 205,BELL 205; AB205
Bell 212,212
Bell UH-1 Iroquois,UH-1B; UH-1D; UH-1H; UH-1N Twin Huey; UH-1Y Venom
Bensen B-8,B-8M; BENSEN B-8M
Boeing 707,707-120; 707-320; 707-320C; 720
Boeing 727,727-100; 727-200; 727-200 Adv
Boeing 737,737-200; 737-700; 737-800; 737-900ER; 737 MAX 8; 737 MAX 9
Boeing 747,747-100; 747-200; 747-400; 747-8; 747SP; VC-25
Boeing 757,757-200; 757-200PF; 757-300
Boeing 767,767-200ER; 767-300ER; 767-300F; 767-400ER
Boeing 777,777-200; 777-200LR; 777-300ER; 777F; 777-8; 777-9
Boeing 787,787-8; 787-9; 787-10
Boeing 787 Dreamliner,787-8; 787-83Q
Boeing AH-64 Apache,AH-64A; AH-64D Apache Longbow; AH-64E Guardian
Boeing B-1 Lancer,B-1A; B-1B
Boeing B-17 Flying Fortress,B-17E; B-17F; B-17G
Boeing B-29 Superfortress,B-29; B-29A; B-29B; KB-29 (Tanker)
Boeing B-52 Stratofortress,B-52D; B-52G; B-52H
Boeing CH-47 Chinook,CH-47A; CH-47D; CH-47F; MH-47
Boeing KC-135 Stratotanker,KC-135A; KC-135E; KC-135R; RC-135 (Recon)
Bombardier CRJ,CRJ100; CRJ200; CRJ700; CRJ900; CRJ1000
Burnelli UB-14,UB 14
Cessna 150/152,150A; 150L; 150M; 152; A152 Aerobat
Cessna 172,172; 172P; 172R; 172S; 172RG
Cessna 182 Skylane,182P; 182Q; 182T; T182T (Turbo)
Cessna 206 Stationair,206; U206; TU206; 206H; T206H
Chase YC-122 Avitruc,YC 122B; YC-122C
Christen Eagle,CHRISTEN EAGLE II
Cirrus SR22,SR22; SR22T; SR22 G2; SR22 G3; SR22 G6
Clark GA-43,CLARK GA-43A
Consolidated B-24 Liberator,B-24D; B-24H; B-24J; C-87 Liberator Express
Consolidated PBY Catalina,PBY-5; PBY-5A (Amphibian); PBY-6A
Dassault Mirage III,Mirage IIIC; Mirage IIIE; Mirage IIIR; Mirage 5
Dassault Rafale,Rafale C; Rafale B; Rafale M
De Havilland Canada DHC-6,Series 100; Series 200; Series 300; Series 400
De Havilland Canada Dash 8,DHC-8-100; DHC-8-200; DHC-8-300; DHC-8-400 (Q400)
Diamond DA40,DA40 Diamond Star; DA40-TDI; DA40 NG
Douglas A-4 Skyhawk,A-4A; A-4E; A-4F; A-4M Skyhawk II
Douglas DC-3,C-47 Skytrain; Super DC-3; Basler BT-67
Douglas DC-8,Series 10; Series 30; Series 50; Super 61; Super 63; Series 70
Douglas DC-9,DC-9-10; DC-9-30; DC-9-50
Embraer E-Jet,E170; E175; E190; E195; E190-E2; E195-E2
Embraer ERJ family,ERJ 135; ERJ 140; ERJ 145; Legacy 600
Eurocopter EC155,EC 155B1
Eurofighter Typhoon,Tranche 1; Tranche 2; Tranche 3A; Tranche 4
Fairchild Republic A-10 Thunderbolt II,A-10A; A-10C
Focke-Wulf Fw 190,Fw 190A; Fw 190D (Dora); Ta 152
Fokker 100,Fokker 100; Fokker 70 (shorter variant)
Ford Trimotor,FORD 5-AT
General Dynamics F-16,F-16A/B; F-16C/D; F-16V Block 70/72
General Dynamics F-2,F-2
Glasair III,GLASAIR III
Grumman A-6 Intruder,A-6A; A-6E; EA-6B Prowler
Grumman F-14 Tomcat,F-14A; F-14B; F-14D
Grumman G-21 Goose,G-21A; G-21G (Turbine)
Harbin Y-12,Y12E
Hartman,HARTMAN
Hawker Hurricane,Mk I; Mk IIA; Mk IIB; Mk IIC; Sea Hurricane
Hawker Siddeley Harrier,Harrier GR1/GR3; AV-8A; Sea Harrier; AV-8B Harrier II
Ilyushin Il-14,IL 14
Ilyushin Il-76,Il-76T; Il-76TD; Il-76MD-90A
Ilyushin Il-78,IL 78
Interstate Cadet,2-P
Junkers Ju 87 Stuka,Ju 87B; Ju 87D; Ju 87G (Kanonenvogel)
Kamov Ka-32,KA-32C
Keystone K-78,K-78 (PATRICIAN)
Kitfox,KITFOX; KITFOX III; KITFOX IV
Lancair 320,LANCAIR 320
Learjet 35,Learjet 35; Learjet 35A; Learjet 36
Let L-410 Turbolet,L 410 MA TURBOLET
Lockheed C-130 Hercules,C-130A; C-130H; C-130J Super Hercules; AC-130; KC-130
Lockheed L-1011 TriStar,L-1011-1; L-1011-100; L-1011-500
Lockheed Martin F-22 Raptor,F-22A; FB-22 (Proposed)
Lockheed Martin F-35,F-35A (CTOL); F-35B (STOVL); F-35C (CV)
Lockheed P-3 Orion,P-3A; P-3B; P-3C; EP-3 (ELINT)
Lockheed P-38 Lightning,P-38D; P-38F; P-38G; P-38J; P-38L
Lockheed S-3 Viking,S-3A; S-3B; ES-3A Shadow
McDonnell Douglas DC-10,DC-10-10; DC-10-30; DC-10-40; KC-10 Extender
McDonnell Douglas F-15 Eagle,F-15A; F-15C; F-15E Strike Eagle; F-15EX Eagle II
McDonnell Douglas F-4 Phantom II,F-4B; F-4C; F-4D; F-4E; F-4G Wild Weasel; RF-4C
McDonnell Douglas MD-11,MD-11; MD-11F; MD-11C; MD-11CF
McDonnell Douglas MD-80,MD-81; MD-82; MD-83; MD-87; MD-88
Messerschmitt Bf 109,Bf 109E (Emil); Bf 109F (Friedrich); Bf 109G (Gustav); Bf 109K
Mikoyan MiG-29,MiG-29A; MiG-29S; MiG-29K; MiG-29M; MiG-35
Mikoyan-Gurevich MiG-21,MiG-21F; MiG-21PF; MiG-21bis; MiG-21MF
Mil Mi-17,MI-17; MI-171; MI-171E
Mil Mi-8,MI-8-MTV-1; MI-8MTB-1; MI-8MTV-1
Mitsubishi A6M Zero,A6M2 Type 0; A6M3; A6M5; A6M8
Monnett Sonerai,SONERAI II
Mooney M20,M20C Ranger; M20E Super 21; M20J 201; M20R Ovation; M20V Acclaim
Navy F-5-L,NAVY F-5-L
North American F-86 Sabre,F-86A; F-86D Dog Sabre; F-86E; F-86F; FJ Fury
North American P-51 Mustang,P-51A; P-51B/C; P-51D; P-51H
Northrop Grumman B-2 Spirit,B-2 Block 10; Block 20; Block 30
PZL M28 Skytruck,M28; M28 05; M-28-05 SKYTRUCK
Panavia Tornado,Tornado IDS; Tornado ADV (Interceptor); Tornado ECR
Parker Teenie Two,TEENIE TWO
Pietenpol Air Camper,PIETENPOL AIRCAMPER
Pilatus PC-12,PC-12/41; PC-12/45; PC-12/47E (NG); PC-12 NGX
Piper J-3 Cub,J-3; L-4 Grasshopper; PA-11 Cub Special
Piper PA-18 Super Cub,PA-18-95; PA-18-150; L-18; L-21
Piper PA-28 Cherokee,Cherokee 140; Warrior; Archer; Dakota; Arrow
Piper PA-34 Seneca,Seneca I; Seneca II; Seneca III; Seneca V
Progressive Aerodyne Searey,SEAREY
Quickie,QUICKIE
Quicksilver MX,QUICKSILVER MX II
Rand Robinson KR,KR-1; KR-2
Republic P-47 Thunderbolt,P-47C; P-47D (Razorback/Bubbletop); P-47N
RotorWay Exec,ROTORWAY EXEC
Rutan Dragonfly,DRAGONFLY
Rutan Long-EZ,LONG EZ; LONG-EZ
Rutan VariEze,VARIEZE
Rutan/Burt SA18,SA18A; SA18D; A18A; A18D
STAL AR 404,AR 404
Saab 340,Saab 340A; Saab 340B; Saab 340B Plus
Scorpion Too,SCORPION TOO
Sikorsky S-55,S-55-P
Sikorsky S-61,AS61-N
Sikorsky S-70,S-70I; UH-60A
Sikorsky S-80,CH-53D
Sikorsky UH-60 Black Hawk,UH-60A; UH-60L; UH-60M; SH-60 Seahawk; HH-60 Pave Hawk
Sonex,SONEX
Steen Skybolt,SKYBOLT; STEEN SKYBOLT
Stoddard-Hamilton Glastar,GLASTAR
Sud Aviation Caravelle,I; III; VI-R; 10B; 11R; 12
Sukhoi AX-19,AX-19
Sukhoi Su-27,Su-27S; Su-27UB; Su-30; Su-33; Su-35; Su-37
Supermarine Spitfire,Mk I; Mk V; Mk IX; Mk XIV; Mk 24
Tecnam P2012,P2012 TRAVELLER
Thorp T-18,THORP T-18; S18D
Tupolev Tu-144,Tu-144; Tu-144S; Tu-144D; Tu-144LL
Tupolev Tu-154,Tu-154B; Tu-154M
Tupolev Tu-95,Tu-95M; Tu-95MS; Tu-142 (ASW); Tu-114 (Airliner)
Ultralight/Experimental Misc,PATHFINDER 1; TIERRA II; CCX-2000; CA-8SS52
Vans RV-10,RV-10; VANS RV-10
Vans RV-14,RV-14A
Vans RV-4,RV-4; VANS RV-4
Vans RV-6,RV-6; RV6; RV-6A; RV6A; VANS RV-6; VANS RV-6A
Vans RV-7,RV-7; RV-7A; VANS RV-7; VANS RV-7A
Vans RV-8,RV-8; VANS RV-8
Vans RV-9,RV-9A
Vickers VC10,Type 1101; Type 1151 (Super VC10)
Volmer VJ-22,CHALLENGER II
Vought A-7 Corsair II,A-7A; A-7D; A-7E
Zenith STOL,70
